,index,State,Coc Number,County,Organization Name,Total Beds
0,0,CA,CA-500,San Jose/Santa Clara ,Santa Clara County Housing Authority (SCCHA) (formerly Housing Authority of the County of Santa Clara),1377
1,1,CA,CA-500,San Jose/Santa Clara ,Bill Wilson Center,84
2,2,CA,CA-517,San Jose/Santa Clara ,Abode Services,184
3,3,CA,CA-500,San Jose/Santa Clara ,YWCA of Silicon Valley,16
4,4,CA,CA-500,San Jose/Santa Clara ,County of Santa Clara Office of Supportive Housing,160
5,5,CA,CA-500,San Jose/Santa Clara ,Community Solutions,14
6,6,CA,CA-500,San Jose/Santa Clara ,City Team Ministries,69
7,7,CA,CA-500,San Jose/Santa Clara ,Charities Housing,20
8,8,CA,CA-500,San Jose/Santa Clara ,Catholic Charities of Santa Clara County,10
9,9,CA,CA-500,San Jose/Santa Clara ,Veterans Resource Center (VRC),10
10,10,CA,CA-500,San Jose/Santa Clara ,The Health Trust,92
11,11,CA,CA-500,San Jose/Santa Clara ,Asian Americans for Community Involvement,10
12,12,CA,CA-500,San Jose/Santa Clara ,Sunnyvale Community Services,14
13,13,CA,CA-500,San Jose/Santa Clara ,St. Joseph's Family Center,105
14,14,CA,CA-500,San Jose/Santa Clara ,Sacred Heart Community Services,5
15,15,CA,CA-500,San Jose/Santa Clara ,PATH,35
16,16,CA,CA-500,San Jose/Santa Clara ,Next Door Solutions to Domestic Violence,19
17,17,CA,CA-500,San Jose/Santa Clara ,Maitri,14
18,18,CA,CA-500,San Jose/Santa Clara ,LifeMoves (formerly InnVision Shelter Network),111
19,19,CA,CA-500,San Jose/Santa Clara ,HomeFirst (formerly EHC Lifebuilders),130
20,20,CA,CA-500,San Jose/Santa Clara ,Family Supportive Housing,123
21,21,CA,CA-500,San Jose/Santa Clara ,Homeless Veterans Emergency Housing Facility (HVEHF),80
22,22,CA,CA-500,San Jose/Santa Clara ,West Valley Community Services,0
23,23,CA,CA-611,Watsonville/Santa Cruz ,Salvation Army,144
24,24,CA,CA-500,San Jose/Santa Clara ,Eden Housing (Formerly South County Housing),108
25,25,CA,CA-500,San Jose/Santa Clara ,Goodwill of Silicon Valley,6
26,26,CA,CA-501,San Francisco,Tenderloin Neighborhood Dev. Corporation,173
27,27,CA,CA-501,San Francisco,Tenderloin Housing Clinic,241
28,28,CA,CA-501,San Francisco,United Council of Human Services,70
29,29,CA,CA-507,San Francisco,St. Vincent de Paul Society,63
30,30,CA,CA-502,San Francisco,St. Vincent de Paul,340
31,31,CA,CA-501,San Francisco,San Francisco Network Ministries,10
32,32,CA,CA-501,San Francisco,Mary Elizabeth Inn,92
33,33,CA,CA-501,San Francisco,La Casa de las Madres,39
34,34,CA,CA-501,San Francisco,Asian Women's Shelter,18
35,35,CA,CA-501,San Francisco,UCSF - Citywide Case Management,120
36,36,CA,CA-612,Yuba /Sutter County,The Salvation Army,116
37,37,CA,CA-501,San Francisco,Conard House,110
38,38,CA,CA-501,San Francisco,Curry Senior Center,14
39,39,CA,CA-501,San Francisco,Compass Family Services,141
40,40,CA,CA-501,San Francisco,Community Housing Partnership,346
41,41,CA,CA-501,San Francisco,Department of Public Health,52
42,42,CA,CA-501,San Francisco,Department of Public Health-Housing and Urban Health,91
43,43,CA,CA-601,San Francisco,Episcopal Community Services,334
44,44,CA,CA-501,San Francisco,DPH - Lutheran Social Services,50
45,45,CA,CA-501,San Francisco,Dolores Street Community Services,80
46,46,CA,CA-501,San Francisco,Dept. of Human Services,83
47,47,CA,CA-501,San Francisco,Catholic Charities CYO,113
48,48,CA,CA-501,San Francisco,Bridge Housing,141
49,49,CA,CA-501,San Francisco,Bernal Heights Housing Corporation,67
50,50,CA,CA-501,San Francisco,Bayview Hunters Point Multipurpose Senior Center,23
51,51,CA,CA-501,San Francisco,Community Awareness & Treatment Services,63
52,52,CA,CA-501,San Francisco,Central City Hospitality House,30
53,53,CA,CA-501,San Francisco,CCDC,37
54,54,CA,CA-501,San Francisco,Providence Foundation,110
55,55,CA,CA-501,San Francisco,Northern California Presbyterian Homes and Services,20
56,56,CA,CA-501,San Francisco,North Beach Citizens,15
57,57,CA,CA-501,San Francisco,Mission Housing Development Corporation,88
58,58,CA,CA-501,San Francisco,Reality House West,84
59,59,CA,CA-503,San Francisco,Mercy Housing,153
60,60,CA,CA-501,San Francisco,Taking it to the Streets,62
61,61,CA,CA-502,San Francisco,Swords to Plowshares,100
62,62,CA,CA-501,San Francisco,Raphael House,70
63,63,CA,CA-501,San Francisco,Hamilton Family Center,150
64,64,CA,CA-501,San Francisco,GP/TODCO Inc.,72
65,65,CA,CA-501,San Francisco,Glide Community Housing,55
66,66,CA,CA-501,San Francisco,Homeless Prenatal Program,30
67,67,CA,CA-501,San Francisco,Housing Authority/ Veterans Affairs,733
68,68,CA,CA-501,San Francisco,Larkin Street Youth Services,40
69,69,CA,CA-501,San Francisco,Huckleberry House,6
70,70,CA,CA-502,"Oakland, Berkeley/Alameda County",City of Berkeley,179
71,71,CA,CA-502,"Oakland, Berkeley/Alameda County",Building Opportunities for Self-Sufficiency (BOSS),50
72,72,CA,CA-502,"Oakland, Berkeley/Alameda County",Building Futures with Women & Children (BFWC),42
73,73,CA,CA-502,"Oakland, Berkeley/Alameda County",BOSS,30
74,74,CA,CA-502,"Oakland, Berkeley/Alameda County",BFHP,32
75,75,CA,CA-502,"Oakland, Berkeley/Alameda County",Bonita House Inc.,4
76,76,CA,CA-502,"Oakland, Berkeley/Alameda County",BFWC,31
77,77,CA,CA-502,"Oakland, Berkeley/Alameda County",Covenant House Oakland,18
78,78,CA,CA-502,"Oakland, Berkeley/Alameda County",Eden Housing,10
79,79,CA,CA-502,"Oakland, Berkeley/Alameda County",East Oakland Community Project (EOCP),110
80,80,CA,CA-502,"Oakland, Berkeley/Alameda County",East Bay Asian Local Development Corporation (EBALDC),15
81,81,CA,CA-502,"Oakland, Berkeley/Alameda County",Dorothy Day House,84
82,82,CA,CA-502,"Oakland, Berkeley/Alameda County",Covenant House,10
83,83,CA,CA-502,"Oakland, Berkeley/Alameda County",Cityteam International,35
84,84,CA,CA-502,"Oakland, Berkeley/Alameda County",City of Oakland DHS / EOCP,32
85,85,CA,CA-502,"Oakland, Berkeley/Alameda County",City of Oakland Department of Human Services (HDS) East Oakland Community Project (EOCP),30
86,86,CA,CA-502,"Oakland, Berkeley/Alameda County",City of Oakland / Bay Area Community Services(BACS),137
87,87,CA,CA-502,"Oakland, Berkeley/Alameda County",City of Emeryville / RCD,2
88,88,CA,CA-507,"Oakland, Berkeley/Alameda County",EAH Housing,17
89,89,CA,CA-502,"Oakland, Berkeley/Alameda County",24 Hour Oakland Parent / Teacher Children's Center,17
90,90,CA,CA-502,"Oakland, Berkeley/Alameda County",Berkeley Food & Housing Project (BFHP),36
91,91,CA,CA-502,"Oakland, Berkeley/Alameda County",Abode Services / Mid Peninsula Housing,95
92,92,CA,CA-502,"Oakland, Berkeley/Alameda County",Abode Services / Allied Housing Inc.,24
93,93,CA,CA-502,"Oakland, Berkeley/Alameda County",Alameda County,432
94,94,CA,CA-502,"Oakland, Berkeley/Alameda County",EOCP / City of Oakland / OHYHC,10
95,95,CA,CA-502,"Oakland, Berkeley/Alameda County",APC,124
96,96,CA,CA-502,"Oakland, Berkeley/Alameda County",AMCAL,15
97,97,CA,CA-601,San Diego City and County,Alpha Project for the Homeless,201
98,98,CA,CA-502,"Oakland, Berkeley/Alameda County",Allied Housing Inc. / SAHA,15
99,99,CA,CA-502,"Oakland, Berkeley/Alameda County",Alameda Family Services,18
100,100,CA,CA-502,"Oakland, Berkeley/Alameda County",Alameda County Housing & Community Development Dept. (Abode Services and BACS),29
101,101,CA,CA-502,"Oakland, Berkeley/Alameda County",Alameda County Housing & Community Development Dept.,256
102,102,CA,CA-502,"Oakland, Berkeley/Alameda County",Alameda County / HCD / EBCRP,27
103,103,CA,CA-502,"Oakland, Berkeley/Alameda County",Alameda County / BACS,36
104,104,CA,CA-502,"Oakland, Berkeley/Alameda County",Alameda County / Abode Services,23
105,105,CA,CA-502,"Oakland, Berkeley/Alameda County",Family Emergency Shelter Coalition (FESCO),24
106,106,CA,CA-502,"Oakland, Berkeley/Alameda County",Covenant House / City of Oakland / Oakland Homeless Youth Housing Collaborative (OHYHC),12
107,107,CA,CA-502,"Oakland, Berkeley/Alameda County",RCD,74
108,108,CA,CA-502,"Oakland, Berkeley/Alameda County",FESCO,28
109,109,CA,CA-502,"Oakland, Berkeley/Alameda County",Resources for Community Development (RCD),8
110,110,CA,CA-502,"Oakland, Berkeley/Alameda County",RCD / Abode Services,6
111,111,CA,CA-502,"Oakland, Berkeley/Alameda County",Shepherd's Gate,38
112,112,CA,CA-502,"Oakland, Berkeley/Alameda County",St. Mary's Center,29
113,113,CA,CA-502,"Oakland, Berkeley/Alameda County",Tri-Valley Haven,30
114,114,CA,CA-502,"Oakland, Berkeley/Alameda County",Operation Dignity,68
115,115,CA,CA-600,"Oakland, Berkeley/Alameda County",First Place for Youth,142
116,116,CA,CA-502,"Oakland, Berkeley/Alameda County",Fred Finch Youth Center (FFYC),30
117,117,CA,CA-502,"Oakland, Berkeley/Alameda County",Housing Authority of Alameda County,95
118,118,CA,CA-502,"Oakland, Berkeley/Alameda County",Housing Consortium of the East Bay (HCEB),4
119,119,CA,CA-502,"Oakland, Berkeley/Alameda County",Ruby's Place,42
120,120,CA,CA-502,"Oakland, Berkeley/Alameda County",Livermore Homeless Refuge,25
121,121,CA,CA-502,"Oakland, Berkeley/Alameda County",Oakland Catholic Worker,13
122,122,CA,CA-502,"Oakland, Berkeley/Alameda County",Oakland Elizabeth House,20
123,123,CA,CA-502,"Oakland, Berkeley/Alameda County",Oakland Housing Authority,289
124,124,CA,CA-502,"Oakland, Berkeley/Alameda County",Safe Alternatives to Violent Environments (SAVE),30
125,125,CA,CA-502,"Oakland, Berkeley/Alameda County",Satellite Affordable Housing Associates,51
126,126,CA,CA-502,"Oakland, Berkeley/Alameda County",Second Chance,42
127,127,CA,CA-502,"Oakland, Berkeley/Alameda County",Women's Daytime Drop-In Center,12
128,128,CA,CA-502,"Oakland, Berkeley/Alameda County","Youth, Engagement, Advocacy and Housing (YEAH!)",30
129,129,CA,CA-502,"Oakland, Berkeley/Alameda County",Yvette A Flunder Foundation,6
130,130,CA,CA-502,"Oakland, Berkeley/Alameda County",East Bay Community Recovery Project (EBCRP),2
131,131,CA,CA-502,"Oakland, Berkeley/Alameda County",Resources for Community Development (RCD) / Abode,8
132,132,CA,CA-502,"Oakland, Berkeley/Alameda County",A Safe Place,20
133,133,CA,CA-503,Sacramento ,Sacramento County Department of Human Assistance,362
134,134,CA,CA-503,Sacramento ,Sacramento Housing and Redevelopment Agency,783
135,135,CA,CA-503,Sacramento ,Sacramento Area Emergency Housing  DBA Next Move,203
136,136,CA,CA-503,Sacramento ,Clean and Sober,24
137,137,CA,CA-503,Sacramento ,Citrus Heights HART,25
138,138,CA,CA-503,Sacramento ,City of Sacramento,200
139,139,CA,CA-503,Sacramento ,Sacramento Self Help Housing,100
140,140,CA,CA-503,Sacramento ,Cottage Housing Inc.,284
141,141,CA,CA-505,Sacramento ,Department of Veteran's Affairs,548
142,142,CA,CA-503,Sacramento ,Elk Grove HART,25
143,143,CA,CA-503,Sacramento ,Flexible Supportive Rehousing Program,0
144,144,CA,CA-503,Sacramento ,Folsom HART,20
145,145,CA,CA-503,Sacramento ,Frances House,10
146,146,CA,CA-503,Sacramento ,Interfaith Network,14
147,147,CA,CA-503,Sacramento ,Loaves and Fishes,16
148,148,CA,CA-611,Stockton/San Joaquin County,Lutheran Social Services,172
149,149,CA,CA-503,Sacramento ,Rancho Cordova HART,30
150,150,CA,CA-521,Sacramento ,Turning Point Community Programs,33
151,151,CA,CA-503,Sacramento ,Union Gospel Mission,52
152,152,CA,CA-602,"Santa Ana, Anaheim/Orange County",Volunteers of America,251
153,153,CA,CA-503,Sacramento ,Waking The Village,23
154,154,CA,CA-503,Sacramento ,WellSpace Health,18
155,155,CA,CA-503,Sacramento ,WIND,30
156,156,CA,CA-503,Sacramento ,Sacramento Veterans Resource Centers,35
157,157,CA,CA-503,Sacramento ,Safe Ground Sacramento,100
158,158,CA,CA-503,Sacramento ,Saint John's Program for Real Change,115
159,159,CA,CA-503,Sacramento ,"TLCS, Inc.",64
160,160,CA,CA-503,Sacramento ,Carmichael HART,25
161,161,CA,CA-503,Sacramento ,Women Escaping A Violent Environment,95
162,162,CA,CA-503,Sacramento ,Bishop Gallegos Maternity Home,20
163,163,CA,CA-504,"Santa Rosa, Petaluma/Sonoma County",West County Community Services,40
164,164,CA,CA-613,Stockton/San Joaquin County,Catholic Charities,132
165,165,CA,CA-504,"Santa Rosa, Petaluma/Sonoma County",City of SR Housing Authority,389
166,166,CA,CA-504,"Santa Rosa, Petaluma/Sonoma County",Cloverdale Community Outreach Committee,12
167,167,CA,CA-504,"Santa Rosa, Petaluma/Sonoma County",Community Action Partnership,45
168,168,CA,CA-504,"Santa Rosa, Petaluma/Sonoma County",Community Housing Sonoma County with SCBH,8
169,169,CA,CA-504,"Santa Rosa, Petaluma/Sonoma County",Community Support Network,16
170,170,CA,CA-504,"Santa Rosa, Petaluma/Sonoma County",COTS,100
171,171,CA,CA-504,"Santa Rosa, Petaluma/Sonoma County",Crossing the Jordan Foundation,54
172,172,CA,CA-504,"Santa Rosa, Petaluma/Sonoma County",YWCA of Sonoma County,27
173,173,CA,CA-517,"Santa Rosa, Petaluma/Sonoma County",Buckelew Programs,15
174,174,CA,CA-504,"Santa Rosa, Petaluma/Sonoma County",Burbank Housing - MHSA,16
175,175,CA,CA-504,"Santa Rosa, Petaluma/Sonoma County",Burbank Housing Developments,73
176,176,CA,CA-504,"Santa Rosa, Petaluma/Sonoma County",Social Advocates for Youth,28
177,177,CA,CA-504,"Santa Rosa, Petaluma/Sonoma County",Sonoma County Housing Authority,53
178,178,CA,CA-504,"Santa Rosa, Petaluma/Sonoma County",Sonoma Overnight Support,15
179,179,CA,CA-504,"Santa Rosa, Petaluma/Sonoma County",St. Vincent de Paul Sonoma County,90
180,180,CA,CA-504,"Santa Rosa, Petaluma/Sonoma County",The Living Room,5
181,181,CA,CA-504,"Santa Rosa, Petaluma/Sonoma County",Vietnam Veterans of California,19
182,182,CA,CA-504,"Santa Rosa, Petaluma/Sonoma County",Redwood Gospel Mission,41
183,183,CA,CA-504,"Santa Rosa, Petaluma/Sonoma County",Interfaith Shelter Network,56
184,184,CA,CA-504,"Santa Rosa, Petaluma/Sonoma County",DAAC,1
185,185,CA,CA-504,"Santa Rosa, Petaluma/Sonoma County",Reach for Home,31
186,186,CA,CA-505,Richmond/Contra Costa County,Contra Costa Health Services/Homeless Programs,98
187,187,CA,CA-505,Richmond/Contra Costa County,Contra Costa Health Services/Homeless Program,23
188,188,CA,CA-505,Richmond/Contra Costa County,Contra Costa Interfaith Housing,68
189,189,CA,CA-505,Richmond/Contra Costa County,Contra Costa County Housing Authority,501
190,190,CA,CA-505,Richmond/Contra Costa County,Anka Behavioral Health,30
191,191,CA,CA-505,Richmond/Contra Costa County,Bi-Bett Corporation,12
192,192,CA,CA-505,Richmond/Contra Costa County,Bay Area Rescue Mission,78
193,193,CA,CA-505,Richmond/Contra Costa County,STAND for Families Against Violence,24
194,194,CA,CA-505,Richmond/Contra Costa County,SHELTER Inc.,110
195,195,CA,CA-505,Richmond/Contra Costa County,SHELTER Inc,26
196,196,CA,CA-518,Vallejo/Solano County,Berkeley Food and Housing Project,23
197,197,CA,CA-505,Richmond/Contra Costa County,Greater Richmond Interfaith Program,66
198,198,CA,CA-505,Richmond/Contra Costa County,Interfaith Council of Contra  Costa,30
199,199,CA,CA-505,Richmond/Contra Costa County,Resources for Community Development,31
200,200,CA,CA-505,Richmond/Contra Costa County,Northern California Family Center,3
201,201,CA,CA-505,Richmond/Contra Costa County,Trinity Center,58
202,202,CA,CA-506,"Salinas/Monterey, San Benito Counties",County of San Benito,78
203,203,CA,CA-506,"Salinas/Monterey, San Benito Counties",Housing Resource Center,35
204,204,CA,CA-506,"Salinas/Monterey, San Benito Counties",Interim Inc.,32
205,205,CA,CA-506,"Salinas/Monterey, San Benito Counties",Housing Authority,216
206,206,CA,CA-506,"Salinas/Monterey, San Benito Counties",Franciscan Workers,33
207,207,CA,CA-506,"Salinas/Monterey, San Benito Counties",Community Homeless Solutions,75
208,208,CA,CA-506,"Salinas/Monterey, San Benito Counties",Community Human Services,12
209,209,CA,CA-506,"Salinas/Monterey, San Benito Counties",Emmaus House,30
210,210,CA,CA-506,"Salinas/Monterey, San Benito Counties",YWCA,10
211,211,CA,CA-506,"Salinas/Monterey, San Benito Counties",Outreach United,25
212,212,CA,CA-506,"Salinas/Monterey, San Benito Counties",Pajaro Rescue Mission,34
213,213,CA,CA-506,"Salinas/Monterey, San Benito Counties",Rancho Cielo,14
214,214,CA,CA-506,"Salinas/Monterey, San Benito Counties","Interim, Inc.",7
215,215,CA,CA-506,"Salinas/Monterey, San Benito Counties",Veterans Resource Center,18
216,216,CA,CA-506,"Salinas/Monterey, San Benito Counties",Veterans Transition Center,37
217,217,CA,CA-506,"Salinas/Monterey, San Benito Counties",Victory Mission,71
218,218,CA,CA-506,"Salinas/Monterey, San Benito Counties",Sun Street Centers,36
219,219,CA,CA-507,Marin County,Homeward Bound of Marin,64
220,220,CA,CA-507,Marin County,Ritter Center,20
221,221,CA,CA-507,Marin County,Hamilton Continuum Partners LP,68
222,222,CA,CA-507,Marin County,Gilead House,24
223,223,CA,CA-507,Marin County,Eden Housing Investments,43
224,224,CA,CA-507,Marin County,Housing Authority of the County of Marin,70
225,225,CA,CA-507,Marin County,Adopt A Family,26
226,226,CA,CA-507,Marin County,Center for Domestic Peace,30
227,227,CA,CA-507,Marin County,Sunny Hills Services,2
228,228,CA,CA-508,Watsonville/Santa Cruz ,"Front Street, Inc.",12
229,229,CA,CA-508,Watsonville/Santa Cruz ,Homeless Services Center,90
230,230,CA,CA-508,Watsonville/Santa Cruz ,Siena House,10
231,231,CA,CA-508,Watsonville/Santa Cruz ,Families in Transition,47
232,232,CA,CA-508,Watsonville/Santa Cruz ,Homeless Persons Health Project,34
233,233,CA,CA-508,Watsonville/Santa Cruz ,Encompass Community Services,32
234,234,CA,CA-508,Watsonville/Santa Cruz ,Association of Faith Communities,20
235,235,CA,CA-508,Watsonville/Santa Cruz ,County Mental Health,5
236,236,CA,CA-508,Watsonville/Santa Cruz ,Santa Cruz County Housing Authority,303
237,237,CA,CA-508,Watsonville/Santa Cruz ,Monarch Services,18
238,238,CA,CA-508,Watsonville/Santa Cruz ,Santa Cruz Veterans Resource Center,42
239,239,CA,CA-508,Watsonville/Santa Cruz ,Santa Cruz County Human Services Department,16
240,240,CA,CA-508,Watsonville/Santa Cruz ,Pajaro Valley Shelter Services,64
241,241,CA,CA-508,Watsonville/Santa Cruz ,New Life Community Services,5
242,242,CA,CA-508,Watsonville/Santa Cruz ,Housing Resource Center of Monterey County,1
243,243,CA,CA-508,Watsonville/Santa Cruz ,Jesus Mary and Joseph Home,12
244,244,CA,CA-509,Mendocino County,Ford Street Project,31
245,245,CA,CA-509,Mendocino County,RCS-Redwood Community Services,38
246,246,CA,CA-509,Mendocino County,Mendocino County Youth Project,6
247,247,CA,CA-509,Mendocino County,Mendocino Coast Hospitality Center,29
248,248,CA,CA-509,Mendocino County,Homeless Services Action Group,44
249,249,CA,CA-509,Mendocino County,CDC-Community Development Commission,136
250,250,CA,CA-509,Mendocino County,Project Sanctuary,23
251,251,CA,CA-510,"Turlock, Modesto/Stanislaus County",Community Impact Central Valley - CICV,19
252,252,CA,CA-510,"Turlock, Modesto/Stanislaus County",Community Housing and Shelter Services - CHSS,101
253,253,CA,CA-510,"Turlock, Modesto/Stanislaus County",Housing Authority County of Stanislaus - HACS,170
254,254,CA,CA-510,"Turlock, Modesto/Stanislaus County",Modesto Gospel Mission,140
255,255,CA,CA-510,"Turlock, Modesto/Stanislaus County",Family Promise,10
256,256,CA,CA-510,"Turlock, Modesto/Stanislaus County",Catholic Charities of the Diocese of Stockton,4
257,257,CA,CA-510,"Turlock, Modesto/Stanislaus County",Westcare San Joaquin Valley Veterans,14
258,258,CA,CA-510,"Turlock, Modesto/Stanislaus County",We Care Program,49
259,259,CA,CA-515,"Turlock, Modesto/Stanislaus County",Turning Point,12
260,260,CA,CA-510,"Turlock, Modesto/Stanislaus County",Turlock Gospel Mission,61
261,261,CA,CA-510,"Turlock, Modesto/Stanislaus County",Stanislaus County Affordable Housing Corporation - STANCO,40
262,262,CA,CA-510,"Turlock, Modesto/Stanislaus County",Haven Women's Center,14
263,263,CA,CA-510,"Turlock, Modesto/Stanislaus County",Center for Human Services -  CHS,16
264,264,CA,CA-510,"Turlock, Modesto/Stanislaus County",Children's Crisis Center,8
265,265,CA,CA-510,"Turlock, Modesto/Stanislaus County",Helping Others Sleep Tonight- HOST,36
266,266,CA,CA-511,Stockton/San Joaquin County,San Joaquin County/CVLIHC,283
267,267,CA,CA-511,Stockton/San Joaquin County,Salvation Army-Lodi,75
268,268,CA,CA-511,Stockton/San Joaquin County,Dignity's Alcove,40
269,269,CA,CA-511,Stockton/San Joaquin County,CVLIHC,101
270,270,CA,CA-511,Stockton/San Joaquin County,Women's Center - YFS,36
271,271,CA,CA-511,Stockton/San Joaquin County,Chest of Hope,14
272,272,CA,CA-511,Stockton/San Joaquin County,Gospel Center Rescue Mission,70
273,273,CA,CA-511,Stockton/San Joaquin County,San Joaquin County,212
274,274,CA,CA-511,Stockton/San Joaquin County,WestCare California,27
275,275,CA,CA-511,Stockton/San Joaquin County,Stockton Shelter,201
276,276,CA,CA-511,Stockton/San Joaquin County,San Joaquin Aids Foundation,66
277,277,CA,CA-511,Stockton/San Joaquin County,McHenry House,30
278,278,CA,CA-511,Stockton/San Joaquin County,Lodi House,26
279,279,CA,CA-511,Stockton/San Joaquin County,Housing Authority of San Joaquin County,326
280,280,CA,CA-511,Stockton/San Joaquin County,Haven of Peace,31
281,281,CA,CA-511,Stockton/San Joaquin County,HOPE Ministries,36
282,282,CA,CA-512,Daly/San Mateo County,Community Overcoming Relationship Abuse,33
283,283,CA,CA-512,Daly/San Mateo County,Housing Authority of SM County,275
284,284,CA,CA-512,Daly/San Mateo County,LifeMoves,120
285,285,CA,CA-519,Vallejo/Solano County,Veterans Resource Centers of America,28
286,286,CA,CA-512,Daly/San Mateo County,Mental Health Association,24
287,287,CA,CA-512,Daly/San Mateo County,MidPen Housing,21
288,288,CA,CA-512,Daly/San Mateo County,Project WeHOPE,50
289,289,CA,CA-512,Daly/San Mateo County,Samaritan House,60
290,290,CA,CA-512,Daly/San Mateo County,StarVista,10
291,291,CA,CA-512,Daly/San Mateo County,Telecare,99
292,292,CA,CA-512,Daly/San Mateo County,VA Menlo Park,10
293,293,CA,CA-512,Daly/San Mateo County,Home and Hope,20
294,294,CA,CA-513,"Visalia/Kings, Tulare Counties",CSET,31
295,295,CA,CA-513,"Visalia/Kings, Tulare Counties",Champions Recovery Alternative Program,20
296,296,CA,CA-513,"Visalia/Kings, Tulare Counties",Kings Community Action Organization,34
297,297,CA,CA-513,"Visalia/Kings, Tulare Counties",Family Services of Tulare County,40
298,298,CA,CA-513,"Visalia/Kings, Tulare Counties",Central California Family Crisis Center,20
299,299,CA,CA-513,"Visalia/Kings, Tulare Counties",Westcare,74
300,300,CA,CA-513,"Visalia/Kings, Tulare Counties",Visalia Rescue Mission,60
301,301,CA,CA-513,"Visalia/Kings, Tulare Counties",Uplift Families,10
302,302,CA,CA-513,"Visalia/Kings, Tulare Counties",Turning Point of Central California,12
303,303,CA,CA-513,"Visalia/Kings, Tulare Counties",Tulare County HHSA/Mental Health,36
304,304,CA,CA-513,"Visalia/Kings, Tulare Counties",Housing Authority of Tulare Co.,103
305,305,CA,CA-513,"Visalia/Kings, Tulare Counties",Salvation Army of Hanford,21
306,306,CA,CA-513,"Visalia/Kings, Tulare Counties",Open Gate Ministries,34
307,307,CA,CA-513,"Visalia/Kings, Tulare Counties",Light House Rescue Mission,16
308,308,CA,CA-513,"Visalia/Kings, Tulare Counties",Kings Gospel Mission,10
309,309,CA,CA-514,Fresno /Madera County,Marjaree Mason Center,159
310,310,CA,CA-514,Fresno /Madera County,Turning Point (TPOCC),104
311,311,CA,CA-514,Fresno /Madera County,The Housing Authority of the City of Madera,74
312,312,CA,CA-514,Fresno /Madera County,Poverello House,24
313,313,CA,CA-514,Fresno /Madera County,Valley Teen Ranch,4
314,314,CA,CA-514,Fresno /Madera County,VA Central CA Health Care System,35
315,315,CA,CA-514,Fresno /Madera County,West Care,59
316,316,CA,CA-514,Fresno /Madera County,WestCare,45
317,317,CA,CA-514,Fresno /Madera County,Mental Health Systems Inc.,24
318,318,CA,CA-514,Fresno /Madera County,Madera Rescue Mission,76
319,319,CA,CA-514,Fresno /Madera County,Community Action Partnership of Madera,18
320,320,CA,CA-514,Fresno /Madera County,County of Fresno ETA,77
321,321,CA,CA-514,Fresno /Madera County,County of Madera,10
322,322,CA,CA-514,Fresno /Madera County,Fresno EOC,35
323,323,CA,CA-514,Fresno /Madera County,Fresno Housing Authority,552
324,324,CA,CA-514,Fresno /Madera County,Housing Authority City of Fresno,145
325,325,CA,CA-515,"Roseville, Rocklin/Placer, Nevada Counties",Advocates for Mentally Ill Housing,44
326,326,CA,CA-515,"Roseville, Rocklin/Placer, Nevada Counties",Community Beyond Violence,16
327,327,CA,CA-515,"Roseville, Rocklin/Placer, Nevada Counties",Adult System of Care HHS,46
328,328,CA,CA-515,"Roseville, Rocklin/Placer, Nevada Counties",Acres of Hope,50
329,329,CA,CA-515,"Roseville, Rocklin/Placer, Nevada Counties",Stand Up Placer,69
330,330,CA,CA-515,"Roseville, Rocklin/Placer, Nevada Counties",Roseville Housing Auithority,26
331,331,CA,CA-515,"Roseville, Rocklin/Placer, Nevada Counties",Nevada County Behavioral Health,19
332,332,CA,CA-515,"Roseville, Rocklin/Placer, Nevada Counties",Women of Worth,15
333,333,CA,CA-515,"Roseville, Rocklin/Placer, Nevada Counties",Whole Person Learning,4
334,334,CA,CA-515,"Roseville, Rocklin/Placer, Nevada Counties",Tahoe SAFE Alliance,12
335,335,CA,CA-515,"Roseville, Rocklin/Placer, Nevada Counties",The Salvation Army - Grass Valley Corps,36
336,336,CA,CA-515,"Roseville, Rocklin/Placer, Nevada Counties",The Lazarus Project,21
337,337,CA,CA-515,"Roseville, Rocklin/Placer, Nevada Counties",United for Action Church of the Mountains,14
338,338,CA,CA-515,"Roseville, Rocklin/Placer, Nevada Counties",The Gathering Inn,76
339,339,CA,CA-515,"Roseville, Rocklin/Placer, Nevada Counties",Foothill House of Hospitality,67
340,340,CA,CA-515,"Roseville, Rocklin/Placer, Nevada Counties","Common Goals, Inc.",16
341,341,CA,CA-515,"Roseville, Rocklin/Placer, Nevada Counties",Roseville Home Start,99
342,342,CA,CA-515,"Roseville, Rocklin/Placer, Nevada Counties",Sierra Roots,50
343,343,CA,CA-515,"Roseville, Rocklin/Placer, Nevada Counties",Nevada County Health and Human Services Agency,46
344,344,CA,CA-516,"Redding/Shasta, Siskiyou, Lassen, Plumas, Del Norte, Modoc, Sierra Counties",Plumas County Intervention and Resource Center,23
345,345,CA,CA-516,"Redding/Shasta, Siskiyou, Lassen, Plumas, Del Norte, Modoc, Sierra Counties",Crossroads Ministries,10
346,346,CA,CA-516,"Redding/Shasta, Siskiyou, Lassen, Plumas, Del Norte, Modoc, Sierra Counties",Shasta County Health and Human Service Agency,105
347,347,CA,CA-516,"Redding/Shasta, Siskiyou, Lassen, Plumas, Del Norte, Modoc, Sierra Counties",Redding Veterans Resource Center,12
348,348,CA,CA-516,"Redding/Shasta, Siskiyou, Lassen, Plumas, Del Norte, Modoc, Sierra Counties","Promise Homes & Services, Inc.",16
349,349,CA,CA-516,"Redding/Shasta, Siskiyou, Lassen, Plumas, Del Norte, Modoc, Sierra Counties",FaithWorks Community Coalition,56
350,350,CA,CA-516,"Redding/Shasta, Siskiyou, Lassen, Plumas, Del Norte, Modoc, Sierra Counties",Northern Valley Catholic Social Service,14
351,351,CA,CA-516,"Redding/Shasta, Siskiyou, Lassen, Plumas, Del Norte, Modoc, Sierra Counties",Lassen WORKs,19
352,352,CA,CA-516,"Redding/Shasta, Siskiyou, Lassen, Plumas, Del Norte, Modoc, Sierra Counties",Good News Rescue Mission,142
353,353,CA,CA-516,"Redding/Shasta, Siskiyou, Lassen, Plumas, Del Norte, Modoc, Sierra Counties",Siskiyou County Health and Human Services,27
354,354,CA,CA-516,"Redding/Shasta, Siskiyou, Lassen, Plumas, Del Norte, Modoc, Sierra Counties",Plumas Rural Services,15
355,355,CA,CA-516,"Redding/Shasta, Siskiyou, Lassen, Plumas, Del Norte, Modoc, Sierra Counties",Siskiyou County Behavioral Health,5
356,356,CA,CA-516,"Redding/Shasta, Siskiyou, Lassen, Plumas, Del Norte, Modoc, Sierra Counties",Lassen Family Services,16
357,357,CA,CA-517,Napa ,Health & Human Services,19
358,358,CA,CA-517,Napa ,Napa Emergency Women's Services,13
359,359,CA,CA-517,Napa ,Progress Foundation,20
360,360,CA,CA-517,Napa ,Housing Authority of City of Napa,12
361,361,CA,CA-517,Napa ,Mentis,8
362,362,CA,CA-517,Napa ,Napa Valley Community Housing,11
363,363,CA,CA-518,Vallejo/Solano County,Caminar Inc.,8
364,364,CA,CA-518,Vallejo/Solano County,Christian Help Center,85
365,365,CA,CA-518,Vallejo/Solano County,Community Action North Bay,90
366,366,CA,CA-518,Vallejo/Solano County,Genesis House,31
367,367,CA,CA-518,Vallejo/Solano County,First Place For Youth,35
368,368,CA,CA-518,Vallejo/Solano County,City of Vallejo Housing Authority,71
369,369,CA,CA-518,Vallejo/Solano County,Anka Behavioral Health Services,12
370,370,CA,CA-518,Vallejo/Solano County,Solano County Health and Social Services,32
371,371,CA,CA-518,Vallejo/Solano County,Vacaville Social Services  Corporation,48
372,372,CA,CA-518,Vallejo/Solano County,House of Purpose,29
373,373,CA,CA-518,Vallejo/Solano County,Mission Solano Rescue Mission Inc.,155
374,374,CA,CA-519,"Chico, Paradise/Butte County",Youth For Change,8
375,375,CA,CA-519,"Chico, Paradise/Butte County",Catalyst Domestic Violence Services,32
376,376,CA,CA-519,"Chico, Paradise/Butte County",Jesus Center,23
377,377,CA,CA-519,"Chico, Paradise/Butte County",Butte County Department of Behavioral Health,5
378,378,CA,CA-519,"Chico, Paradise/Butte County",BC Dept of Social Services,24
379,379,CA,CA-519,"Chico, Paradise/Butte County",Veterans Executive Corporation to Organize Rehabilitative Services (VECTORS),15
380,380,CA,CA-519,"Chico, Paradise/Butte County",Northern Valley Catholic Service,14
381,381,CA,CA-519,"Chico, Paradise/Butte County",Housing Authority of Butte County,197
382,382,CA,CA-519,"Chico, Paradise/Butte County",Chico Community Shelter Partnership,145
383,383,CA,CA-519,"Chico, Paradise/Butte County",Caminar,14
384,384,CA,CA-519,"Chico, Paradise/Butte County",Chico Housing Action Team,62
385,385,CA,CA-519,"Chico, Paradise/Butte County",Community Action Agency of Butte County Inc.,120
386,386,CA,CA-520,Merced ,Housing Authority of the County of Merced,85
387,387,CA,CA-520,Merced ,Valley Crisis Center,15
388,388,CA,CA-520,Merced ,Community Action Agency,50
389,389,CA,CA-520,Merced ,Community Social Model Advocates,25
390,390,CA,CA-520,Merced ,Merced County Human Services Agency,33
391,391,CA,CA-520,Merced ,Merced County Mental Health,8
392,392,CA,CA-520,Merced ,Merced County Rescue Mission,31
393,393,CA,CA-520,Merced ,"Sierra Saving Grace Homeless Project, Inc.",8
394,394,CA,CA-521,"Davis, Woodland/Yolo County",Empower Yolo,35
395,395,CA,CA-521,"Davis, Woodland/Yolo County",Yolo Community Care Continuum,13
396,396,CA,CA-521,"Davis, Woodland/Yolo County",Turning Point Community Programs - Yolo County Housing,4
397,397,CA,CA-521,"Davis, Woodland/Yolo County",Shores of Hope,18
398,398,CA,CA-521,"Davis, Woodland/Yolo County",Interfaith Rotating Winter Shelter of Davis,32
399,399,CA,CA-521,"Davis, Woodland/Yolo County",Fourth & Hope - City of Woodland,28
400,400,CA,CA-521,"Davis, Woodland/Yolo County",Davis Community Meals and Housing,43
401,401,CA,CA-521,"Davis, Woodland/Yolo County",Fourth & Hope,65
402,402,CA,CA-521,"Davis, Woodland/Yolo County",Yolo County Health and Human Services Agency,66
403,403,CA,CA-521,"Davis, Woodland/Yolo County",Davis Community Meals and Housing - City of Davis,10
404,404,CA,CA-521,"Davis, Woodland/Yolo County",Yolo County Housing,15
405,405,CA,CA-522,Humboldt County,Arcata House Partnership,33
406,406,CA,CA-522,Humboldt County,Humboldt County Department of Health and Human Services Mental Health Branch,9
407,407,CA,CA-522,Humboldt County,Betty Chinn Foundation,33
408,408,CA,CA-522,Humboldt County,Department of Health and Human Services Social Services,24
409,409,CA,CA-522,Humboldt County,Eureka Rescue Mission,120
410,410,CA,CA-522,Humboldt County,Redwood Community Action Agency,44
411,411,CA,CA-522,Humboldt County,North Coast Veterans Resource Center,36
412,412,CA,CA-523,"Colusa, Glenn, Trinity Counties",Human Response Network,31
413,413,CA,CA-523,"Colusa, Glenn, Trinity Counties",Colusa county,5
414,414,CA,CA-523,"Colusa, Glenn, Trinity Counties",Glenn County Health and Human Services,46
415,415,CA,CA-523,"Colusa, Glenn, Trinity Counties",Westside Domestic Violence Shelter,11
416,416,CA,CA-523,"Colusa, Glenn, Trinity Counties",Unity in Recovery,6
417,417,CA,CA-523,"Colusa, Glenn, Trinity Counties",Colusa County Transitional Housing,17
418,418,CA,CA-524,Yuba /Sutter County,Yuba County CalWORKs,112
419,419,CA,CA-524,Yuba /Sutter County,County of Yuba,40
420,420,CA,CA-524,Yuba /Sutter County,Regional Emergency Shelter Team,30
421,421,CA,CA-524,Yuba /Sutter County,Sutter County,8
422,422,CA,CA-524,Yuba /Sutter County,Sutter County CalWORKs,150
423,423,CA,CA-524,Yuba /Sutter County,Twin Cities Rescue Mission,40
424,424,CA,CA-524,Yuba /Sutter County,Veteran Affairs,14
425,425,CA,CA-525,El Dorado County,Continuum of Care and Faith Base Collaboration,65
426,426,CA,CA-525,El Dorado County,The Center for Violence Free Relationships,18
427,427,CA,CA-525,El Dorado County,Live Violence Free,14
428,428,CA,CA-525,El Dorado County,County Health & Human Services,91
429,429,CA,CA-525,El Dorado County,Only Kindness Inc,24
430,430,CA,CA-525,El Dorado County,Tahoe Coalition,26
431,431,CA,CA-525,El Dorado County,Mental Health,1
432,432,CA,CA-525,El Dorado County,Hope House,15
433,433,CA,CA-525,El Dorado County,Christ Like Services,22
434,434,CA,CA-525,El Dorado County,New Morning,12
435,435,CA,CA-526,"Amador, Calaveras, Mariposa, Tuolumne Counties",Center for a Nonviolent Community,20
436,436,CA,CA-526,"Amador, Calaveras, Mariposa, Tuolumne Counties",Tuolumne County,17
437,437,CA,CA-526,"Amador, Calaveras, Mariposa, Tuolumne Counties",The Resource Connection,23
438,438,CA,CA-526,"Amador, Calaveras, Mariposa, Tuolumne Counties",Operation Care,13
439,439,CA,CA-526,"Amador, Calaveras, Mariposa, Tuolumne Counties",Mariposa County,13
440,440,CA,CA-526,"Amador, Calaveras, Mariposa, Tuolumne Counties",Calaveras County,34
441,441,CA,CA-526,"Amador, Calaveras, Mariposa, Tuolumne Counties",Amador-Tuolumne Community Action Agency,26
442,442,CA,CA-526,"Amador, Calaveras, Mariposa, Tuolumne Counties",Alliance for Community Transformation,8
443,443,CA,CA-526,"Amador, Calaveras, Mariposa, Tuolumne Counties",Amador County,37
444,444,CA,CA-526,"Amador, Calaveras, Mariposa, Tuolumne Counties","Victory Village, Inc.",12
445,445,CA,CA-526,"Amador, Calaveras, Mariposa, Tuolumne Counties",Stanislaus County Housing Authority,10
446,446,CA,CA-526,"Amador, Calaveras, Mariposa, Tuolumne Counties",Sierra HOPE,4
447,447,CA,CA-527,Tehama County,Alternatives to Violence,35
448,448,CA,CA-527,Tehama County,Tehama County Department of Social Services,6
449,449,CA,CA-527,Tehama County,P.A.T.H.,45
450,450,CA,CA-529,Lake County,Redwood Community Services,13
451,451,CA,CA-529,Lake County,Adventist Health Clear Lake,10
452,452,CA,CA-529,Lake County,Lake Family Resource Center,30
453,453,CA,CA-529,Lake County,Lake Ministerial Assoc,24
454,454,CA,CA-530,"Alpine, Inyo, Mono Counties",Wild-Iris Family Counseling and Crisis Center,10
455,455,CA,CA-530,"Alpine, Inyo, Mono Counties","Inyo Mono Advocates for Community Action, Inc.",1
456,456,CA,CA-606,Los Angeles ,Mental Health America of Los Angeles,291
457,457,CA,CA-600,Los Angeles ,Los Angeles House of Ruth,16
458,458,CA,CA-600,Los Angeles ,Los Angeles Family Housing Corporation,540
459,459,CA,CA-600,Los Angeles ,Los Angeles LGBT Center,34
460,460,CA,CA-600,Los Angeles ,LTSC Community Development Corporation,24
461,461,CA,CA-600,Los Angeles ,Los Angeles Youth Network,30
462,462,CA,CA-600,Los Angeles ,Los Angeles Mission,212
463,463,CA,CA-600,Los Angeles ,Los Angeles County Department of Public Social Services (DPSS),455
464,464,CA,CA-600,Los Angeles ,Los Angeles County Department of Mental Health (DMH),1010
465,465,CA,CA-600,Los Angeles ,Los Angeles County Department of Health Services (DHS),51
466,466,CA,CA-600,Los Angeles ,Los Angeles Child Guidance Clinic,28
467,467,CA,CA-600,Los Angeles ,Little House,28
468,468,CA,CA-600,Los Angeles ,LINC Housing,48
469,469,CA,CA-600,Los Angeles ,LINC Cares,15
470,470,CA,CA-600,Los Angeles ,"Lamp Community, Inc.",48
471,471,CA,CA-600,Los Angeles ,"Mercy Housing, Inc.",163
472,472,CA,CA-600,Los Angeles ,Proyecto Pastoral,60
473,473,CA,CA-600,Los Angeles ,PROTOTYPES,45
474,474,CA,CA-606,Los Angeles ,Project New Hope,58
475,475,CA,CA-600,Los Angeles ,Pilipino Workers Center Of Southern California,29
476,476,CA,CA-600,Los Angeles ,People Assisting the Homeless (PATH),584
477,477,CA,CA-600,Los Angeles ,Rancho San Antonio,15
478,478,CA,CA-600,Los Angeles ,"San Fernando Valley Community Mental Health Center, Inc.",50
479,479,CA,CA-600,Los Angeles ,Skid Row Housing Trust,224
480,480,CA,CA-600,Los Angeles ,Sanctuary of Hope,9
481,481,CA,CA-600,Los Angeles ,San Fernando Valley Rescue Mission,30
482,482,CA,CA-600,Los Angeles ,"San Fernando Valley Community Mental Health Center, Inc., Inc.",60
483,483,CA,CA-600,Los Angeles ,Richstone Family Center,3
484,484,CA,CA-600,Los Angeles ,OPCC (Formerly Ocean Park Community Center),25
485,485,CA,CA-600,Los Angeles ,Ocean Park Community Center,0
486,486,CA,CA-600,Los Angeles ,New Economics For Women,110
487,487,CA,CA-600,Los Angeles ,"New Directions for Veterans, Inc.",89
488,488,CA,CA-600,Los Angeles ,New Directions For Veterans,90
489,489,CA,CA-611,"Oxnard, San Buenaventura/Ventura County",National Health Foundation,12
490,490,CA,CA-600,Los Angeles ,National Community Renaissance (National CORE),6
491,491,CA,CA-600,Los Angeles ,Meta Housing Corp,84
492,492,CA,CA-600,Los Angeles ,Our Place Housing Solutions,98
493,493,CA,CA-607,Pasadena,Pacific Clinics,50
494,494,CA,CA-600,Los Angeles ,Penny Lane Centers,62
495,495,CA,CA-606,Los Angeles ,PATH Ventures,150
496,496,CA,CA-600,Los Angeles ,Coalition for Responsible Community Development,73
497,497,CA,CA-600,Los Angeles ,Clifford Beers Housing,46
498,498,CA,CA-600,Los Angeles ,Claremont Homeless Advocacy Program,13
499,499,CA,CA-600,Los Angeles ,City of West Hollywood,17
500,500,CA,CA-600,Los Angeles ,City of Santa Monica,198
501,501,CA,CA-600,Los Angeles ,City of Pomona,148
502,502,CA,CA-600,Los Angeles ,City of Covina,7
503,503,CA,CA-600,Los Angeles ,"Chosen Gospel Recovery, Inc.",22
504,504,CA,CA-600,Los Angeles ,"Catholic Charities of Los Angeles, Inc.",44
505,505,CA,CA-600,Los Angeles ,Catholic Charities of Los Angeles Inc.,14
506,506,CA,CA-600,Los Angeles ,Burbank Housing Corporation,20
507,507,CA,CA-600,Los Angeles ,Community Development Commission of the County of Los Angeles (CDC),28
508,508,CA,CA-600,Los Angeles ,Valley Oasis,85
509,509,CA,CA-600,Los Angeles ,Women & Children's Crisis Shelter,28
510,510,CA,CA-600,Los Angeles ,YWCA of San Gabriel Valley,31
511,511,CA,CA-600,Los Angeles ,Downtown Women's Center,73
512,512,CA,CA-600,Los Angeles ,Downtown Women Center,28
513,513,CA,CA-600,Los Angeles ,Deep Green Housing Development,37
514,514,CA,CA-600,Los Angeles ,David and Margaret Youth and Family Services,20
515,515,CA,CA-600,Los Angeles ,Covenant House California,40
516,516,CA,CA-600,Los Angeles ,County of Los Angeles Department of Military and Veterans Affairs,109
517,517,CA,CA-600,Los Angeles ,Community's Child Inc.,20
518,518,CA,CA-600,Los Angeles ,"BRIDGES, Inc.",15
519,519,CA,CA-600,Los Angeles ,A Community of Friends,244
520,520,CA,CA-606,"Santa Ana, Anaheim/Orange County",1736 Family Crisis Center,51
521,521,CA,CA-600,Los Angeles ,Bridge to Home,60
522,522,CA,CA-600,Los Angeles ,Bethel LA Community Development Center,164
523,523,CA,CA-600,Los Angeles ,Beacon Light Mission and Doors of Hope,52
524,524,CA,CA-600,Los Angeles ,Aszkenazy Development,40
525,525,CA,CA-600,Los Angeles ,Asz,19
526,526,CA,CA-600,Los Angeles ,Asian Pacific Counseling and Treatment Center,22
527,527,CA,CA-600,Los Angeles ,"AMCAL Multi-Housing, Inc.",22
528,528,CA,CA-600,Los Angeles ,Alliance for Housing and Healing dba The Serra Project,60
529,529,CA,CA-600,Los Angeles ,Alcott Center for Mental Health Services,10
530,530,CA,CA-600,Los Angeles ,Affordable Living for the Aging,34
531,531,CA,CA-600,Los Angeles ,Affordable Housing CDC,38
532,532,CA,CA-600,Los Angeles ,Abode Communities,151
533,533,CA,CA-600,Los Angeles ,Dream Center,156
534,534,CA,CA-600,Los Angeles ,Housing Authority of the City of Los Angeles (HACLA),291
535,535,CA,CA-600,Los Angeles ,Housing Authority Of The City Of Los Angeles,302
536,536,CA,CA-600,Los Angeles ,House of Yahweh,6
537,537,CA,CA-600,Los Angeles ,Hope of the Valley,120
538,538,CA,CA-600,Los Angeles ,Homes for Life Foundation,54
539,539,CA,CA-600,Los Angeles ,LA Family Housing Corporation,609
540,540,CA,CA-600,Los Angeles ,"JWCH Institute, Inc.",38
541,541,CA,CA-600,Los Angeles ,"Jovenes,Jovenes, Inc.",12
542,542,CA,CA-600,Los Angeles ,"Jovenes, Inc.",26
543,543,CA,CA-600,Los Angeles ,Integrated Recovery Network,52
544,544,CA,CA-600,Los Angeles ,Inland Valley Council of Churches,19
545,545,CA,CA-600,Los Angeles ,Housing Works,23
546,546,CA,CA-600,Los Angeles ,Gramercy Housing Group,17
547,547,CA,CA-600,Los Angeles ,Gospel Missions of America,10
548,548,CA,CA-600,Los Angeles ,"First To Serve, Inc.",160
549,549,CA,CA-600,Los Angeles ,First Presbyterian Church of Hollywood,23
550,550,CA,CA-600,Los Angeles ,"Fathers and Mothers Who Care, Inc",10
551,551,CA,CA-600,Los Angeles ,Family Promise of the South Bay,14
552,552,CA,CA-600,Los Angeles ,Family Promise of Santa Clarita Valley,9
553,553,CA,CA-600,Los Angeles ,Family Promise Of San Gabriel Valley,14
554,554,CA,CA-600,Los Angeles ,Emotional Health Association,230
555,555,CA,CA-600,Los Angeles ,Emmanuel Baptist Mission of Los Angeles,33
556,556,CA,CA-600,Los Angeles ,East San Gabriel Valley Coalition for the Homeless,390
557,557,CA,CA-600,Los Angeles ,East LA Community Corporation,48
558,558,CA,CA-606,Los Angeles ,Harbor Interfaith Services,345
559,559,CA,CA-600,Los Angeles ,Homeless Health Care Los Angeles,221
560,560,CA,CA-600,Los Angeles ,Home at Last,60
561,561,CA,CA-600,Los Angeles ,Hollywood Community Housing Corporation,211
562,562,CA,CA-600,Los Angeles ,Hillview Mental Health Center Inc.,35
563,563,CA,CA-600,Los Angeles ,Hathaway-Sycamores Child And Family Services,28
564,564,CA,CA-611,"Oxnard, San Buenaventura/Ventura County",Society of St. Vincent de Paul,65
565,565,CA,CA-600,Los Angeles ,The Serra Project,55
566,566,CA,CA-600,Los Angeles ,The People Concern,70
567,567,CA,CA-602,"Santa Ana, Anaheim/Orange County",The Midnight Mission,400
568,568,CA,CA-600,Los Angeles ,The Kindred Center,15
569,569,CA,CA-600,Los Angeles ,The Congregational Church In Avalon,6
570,570,CA,CA-600,Los Angeles ,The Anti-Recidivism Coalition,42
571,571,CA,CA-600,Los Angeles ,Testimonial Community Love Center,39
572,572,CA,CA-608,Riverside ,"Step Up On Second Street, Inc.",59
573,573,CA,CA-600,Los Angeles ,Step Up on Second,32
574,574,CA,CA-600,Los Angeles ,St. Joseph Center,206
575,575,CA,CA-600,Los Angeles ,The Whole Child,575
576,576,CA,CA-600,Los Angeles ,The Village Family Services,23
577,577,CA,CA-600,Los Angeles ,The Teen Project,40
578,578,CA,CA-600,Los Angeles ,"Haven Hills, Inc.",44
579,579,CA,CA-600,Los Angeles ,"Special Service for Groups, Inc..",1
580,580,CA,CA-600,Los Angeles ,"Special Service for Groups, Inc.",420
581,581,CA,CA-600,Los Angeles ,Southern California Health and Rehabilitation Program,18
582,582,CA,CA-600,Los Angeles ,SRO Housing Corporation,218
583,583,CA,CA-600,Los Angeles ,St. Anne's Maternity Home,96
584,584,CA,CA-600,Los Angeles ,Union Rescue Mission,325
585,585,CA,CA-600,Los Angeles ,Watts Labor Community Action Committee,325
586,586,CA,CA-600,Los Angeles ,Volunteers of America of Los Angeles,286
587,587,CA,CA-600,Los Angeles ,Domestic Violence Center of the Santa Clarita Valley,9
588,588,CA,CA-600,Los Angeles ,"Center for the Pacific Asian Family, Inc.",34
589,589,CA,CA-600,Los Angeles ,Casa de Los Angelitos,3
590,590,CA,CA-600,Los Angeles ,Alexandria House,31
591,591,CA,CA-600,Los Angeles ,Weingart Center Association,160
592,592,CA,CA-600,Los Angeles ,House of Ruth (Claremont),14
593,593,CA,CA-600,Los Angeles ,"Jenesse Center, Inc.",74
594,594,CA,CA-600,Los Angeles ,Jewish Family Service Of Los Angeles,24
595,595,CA,CA-600,Los Angeles ,Korean Immigrant Worker Advocates Of Southern California,137
596,596,CA,CA-600,Los Angeles ,"Rainbow Services, LTD.",28
597,597,CA,CA-600,Los Angeles ,"Rainbow Services,Rainbow Services, LTD.",44
598,598,CA,CA-600,Los Angeles ,"Southern California Alcohol and Drug Program, Inc.",26
599,599,CA,CA-600,Los Angeles ,"Women Organizing Resources, Knowledge & Services, Inc.",22
600,600,CA,CA-600,Los Angeles ,Whittier First Day Coalition,34
601,601,CA,CA-600,Los Angeles ,West Hollywood Community Housing Corporation,85
602,602,CA,CA-600,Los Angeles ,Upward Bound house,155
603,603,CA,CA-600,Los Angeles ,"United States Veterans Initiative, Inc.",186
604,604,CA,CA-600,Los Angeles ,United Friends of the Children,92
605,605,CA,CA-607,Pasadena,Union Station Homeless Services,162
606,606,CA,CA-600,Los Angeles ,Venice Community Housing,35
607,607,CA,CA-600,Los Angeles ,US Department of Veterans Affairs,2486
608,608,CA,CA-601,San Diego City and County,North County Solutions for Change,157
609,609,CA,CA-601,San Diego City and County,San Diego Housing Commission,1180
610,610,CA,CA-601,San Diego City and County,City of Oceanside,89
611,611,CA,CA-601,San Diego City and County,Interfaith Community Services,112
612,612,CA,CA-601,San Diego City and County,Housing Authority for the County of San Diego,900
613,613,CA,CA-601,San Diego City and County,Home Start,16
614,614,CA,CA-601,San Diego City and County,Father Joe's Villages,25
615,615,CA,CA-601,San Diego City and County,East County Transitional Living Center,102
616,616,CA,CA-601,San Diego City and County,Community Housing Works,42
617,617,CA,CA-601,San Diego City and County,Community Resource Center,16
618,618,CA,CA-601,San Diego City and County,County of San Diego,54
619,619,CA,CA-601,San Diego City and County,Crisis House,119
620,620,CA,CA-601,San Diego City and County,North County Serenity House,48
621,621,CA,CA-601,San Diego City and County,PATH San Diego at Connections Housing,73
622,622,CA,CA-601,San Diego City and County,Operation Hope,45
623,623,CA,CA-601,San Diego City and County,Mental Health System,16
624,624,CA,CA-601,San Diego City and County,Interfaith Shelter Network of San Diego,45
625,625,CA,CA-601,San Diego City and County,San Diego Youth Services,44
626,626,CA,CA-601,San Diego City and County,Bread of Life,50
627,627,CA,CA-601,San Diego City and County,YMCA,24
628,628,CA,CA-601,San Diego City and County,Women's Resource Center,28
629,629,CA,CA-601,San Diego City and County,South Bay Community Services,40
630,630,CA,CA-601,San Diego City and County,Veterans Village of San Diego,161
631,631,CA,CA-601,San Diego City and County,"St. Vincent de Paul Village, Inc.",136
632,632,CA,CA-601,San Diego City and County,Serving Seniors,16
633,633,CA,CA-601,San Diego City and County,"The Salvation Army, a California corporation",69
634,634,CA,CA-601,San Diego City and County,Veteran Community Services,97
635,635,CA,CA-601,San Diego City and County,Townspeople,20
636,636,CA,CA-609,"Santa Ana, Anaheim/Orange County",Mercy House,400
637,637,CA,CA-602,"Santa Ana, Anaheim/Orange County",Orange County Housing Authority,935
638,638,CA,CA-602,"Santa Ana, Anaheim/Orange County",OC Gateway to Housing,42
639,639,CA,CA-602,"Santa Ana, Anaheim/Orange County",One Step Ministry,9
640,640,CA,CA-602,"Santa Ana, Anaheim/Orange County",Illumination Foundation,124
641,641,CA,CA-602,"Santa Ana, Anaheim/Orange County",H.O.M.E.S. Inc.,33
642,642,CA,CA-602,"Santa Ana, Anaheim/Orange County",HIS House,54
643,643,CA,CA-602,"Santa Ana, Anaheim/Orange County",Mental Health America Los Angeles,7
644,644,CA,CA-602,"Santa Ana, Anaheim/Orange County",Orange County Rescue Mission,196
645,645,CA,CA-602,"Santa Ana, Anaheim/Orange County",Pathways of Hope,71
646,646,CA,CA-602,"Santa Ana, Anaheim/Orange County",Precious Life Shelter,25
647,647,CA,CA-602,"Santa Ana, Anaheim/Orange County",Project Hope Alliance,5
648,648,CA,CA-602,"Santa Ana, Anaheim/Orange County",Radiant Health Services,2
649,649,CA,CA-602,"Santa Ana, Anaheim/Orange County",Serving People in Need,32
650,650,CA,CA-602,"Santa Ana, Anaheim/Orange County",Straight Talk Inc.,7
651,651,CA,CA-602,"Santa Ana, Anaheim/Orange County",Thomas House,60
652,652,CA,CA-602,"Santa Ana, Anaheim/Orange County",US Veterans Initiatives,2
653,653,CA,CA-602,"Santa Ana, Anaheim/Orange County",Waymakers,8
654,654,CA,CA-602,"Santa Ana, Anaheim/Orange County",WISEPlace,30
655,655,CA,CA-602,"Santa Ana, Anaheim/Orange County",South County Outreach,25
656,656,CA,CA-602,"Santa Ana, Anaheim/Orange County",Grandma's House of Hope,61
657,657,CA,CA-602,"Santa Ana, Anaheim/Orange County",Casa Youth Shelter,12
658,658,CA,CA-602,"Santa Ana, Anaheim/Orange County",Casa Teresa,17
659,659,CA,CA-602,"Santa Ana, Anaheim/Orange County",Build Futures,35
660,660,CA,CA-602,"Santa Ana, Anaheim/Orange County",Anaheim Supportive Housing,12
661,661,CA,CA-602,"Santa Ana, Anaheim/Orange County",American Family Housing,37
662,662,CA,CA-602,"Santa Ana, Anaheim/Orange County",Women's Transitional Living Center,58
663,663,CA,CA-602,"Santa Ana, Anaheim/Orange County",The Eli Home Inc.,18
664,664,CA,CA-602,"Santa Ana, Anaheim/Orange County",Laura's House,42
665,665,CA,CA-606,"Santa Ana, Anaheim/Orange County",Interval House,75
666,666,CA,CA-602,"Santa Ana, Anaheim/Orange County",Human Options,48
667,667,CA,CA-602,"Santa Ana, Anaheim/Orange County",Colette's Children's Home,24
668,668,CA,CA-602,"Santa Ana, Anaheim/Orange County",Family Assistance Ministries,34
669,669,CA,CA-602,"Santa Ana, Anaheim/Orange County",Family Promise of Orange County,16
670,670,CA,CA-602,"Santa Ana, Anaheim/Orange County",Friendship Shelter,45
671,671,CA,CA-602,"Santa Ana, Anaheim/Orange County",Families Forward,75
672,672,CA,CA-603,Santa Maria/Santa Barbara County,Good Samaritan Shelter,120
673,673,CA,CA-603,Santa Maria/Santa Barbara County,Housing Authority of the City of Santa Barbara,61
674,674,CA,CA-603,Santa Maria/Santa Barbara County,Housing Authority of the County of Santa Barbara,201
675,675,CA,CA-603,Santa Maria/Santa Barbara County,Peoples' Self-Help Housing,26
676,676,CA,CA-603,Santa Maria/Santa Barbara County,PATH Santa Barbara,100
677,677,CA,CA-603,Santa Maria/Santa Barbara County,WillBridge of Santa Barbara,13
678,678,CA,CA-603,Santa Maria/Santa Barbara County,Unitarian Society of Santa Barbara,242
679,679,CA,CA-603,Santa Maria/Santa Barbara County,Transition House,72
680,680,CA,CA-603,Santa Maria/Santa Barbara County,Sarah House Santa Barbara,5
681,681,CA,CA-603,Santa Maria/Santa Barbara County,Channel Islands YMCA,12
682,682,CA,CA-603,Santa Maria/Santa Barbara County,Santa Barbara Rescue Mission,39
683,683,CA,CA-603,Santa Maria/Santa Barbara County,Santa Barbara Community Housing Corporation,20
684,684,CA,CA-603,Santa Maria/Santa Barbara County,Sanctuary Psychiatric Centers of Santa Barbara,13
685,685,CA,CA-603,Santa Maria/Santa Barbara County,PathPoint,9
686,686,CA,CA-603,Santa Maria/Santa Barbara County,Mental Wellness Center,5
687,687,CA,CA-603,Santa Maria/Santa Barbara County,"Carrillo Counseling Services, Inc., dba New Beginnings Counseling Center",36
688,688,CA,CA-603,Santa Maria/Santa Barbara County,Domestic Violence Solutions for Santa Barbara County,52
689,689,CA,CA-604,Bakersfield/Kern County,Housing Authority of the County of Kern,520
690,690,CA,CA-604,Bakersfield/Kern County,Golden Empire Affordable Housing,42
691,691,CA,CA-604,Bakersfield/Kern County,Clinica Sierra Vista,12
692,692,CA,CA-604,Bakersfield/Kern County,Alliance Ag. Family Violence,24
693,693,CA,CA-604,Bakersfield/Kern County,California Veteran's Assistance Foundation,92
694,694,CA,CA-604,Bakersfield/Kern County,Bethany Services,744
695,695,CA,CA-604,Bakersfield/Kern County,The Mission at Kern County,189
696,696,CA,CA-604,Bakersfield/Kern County,ALPHA House,10
697,697,CA,CA-604,Bakersfield/Kern County,Women's Center - High Desert,34
698,698,CA,CA-606,Long Beach,United States Veterans Initiative,181
699,699,CA,CA-606,Long Beach,Women Shelter,12
700,700,CA,CA-606,Long Beach,Safe Refuge,26
701,701,CA,CA-606,Long Beach,Long Beach Rescue Mission,93
702,702,CA,CA-606,Long Beach,Christian Outreach in Action,10
703,703,CA,CA-606,Long Beach,Century Villages at Cabrillo,244
704,704,CA,CA-606,Long Beach,Alliance For Housing and Healing,39
705,705,CA,CA-606,Long Beach,City of Long Beach Housing Authority,838
706,706,CA,CA-607,Pasadena,Friends In Deed,150
707,707,CA,CA-607,Pasadena,Affordable Housing Services,6
708,708,CA,CA-607,Pasadena,Alliance for Housing & Healing dba Serra Project,16
709,709,CA,CA-607,Pasadena,City of Pasadena,74
710,710,CA,CA-607,Pasadena,Door of Hope Inc.,42
711,711,CA,CA-607,Pasadena,Family Hope Inc.,11
712,712,CA,CA-607,Pasadena,Hathaway-Sycamores Child and Family Services,8
713,713,CA,CA-608,Riverside ,Shelter from the Storm,20
714,714,CA,CA-608,Riverside ,Path of Life Ministries Inc,131
715,715,CA,CA-608,Riverside ,Alternative to Domestic Violence,60
716,716,CA,CA-608,Riverside ,Martha's Village & Kitchen Inc.,120
717,717,CA,CA-608,Riverside ,Riverside University Health System-Behavioral Health,112
718,718,CA,CA-608,Riverside ,LightHouse Social Service Centers,41
719,719,CA,CA-608,Riverside ,Operation Safe House,20
720,720,CA,CA-608,Riverside ,Riverside Community Housing Corporation,0
721,721,CA,CA-608,Riverside ,US Vets Initiative,25
722,722,CA,CA-608,Riverside ,Valley Restart Shelter Inc.,35
723,723,CA,CA-608,Riverside ,City of Riverside,25
724,724,CA,CA-608,Riverside ,Coachella Valley Rescue Mission,251
725,725,CA,CA-608,Riverside ,Community Catalysts of California,6
726,726,CA,CA-608,Riverside ,County Housing Authority,894
727,727,CA,CA-608,Riverside ,Jewish Family Services,40
728,728,CA,CA-608,Riverside ,Help for Future Leaders,13
729,729,CA,CA-608,Riverside ,Foothill AIDS Project,0
730,730,CA,CA-609,San Bernardino ,San Bernardino County Housing Authority,418
731,731,CA,CA-609,San Bernardino ,Red Carnation,36
732,732,CA,CA-609,San Bernardino ,Operation Grace,6
733,733,CA,CA-609,San Bernardino ,"New Hope Village, Inc.",30
734,734,CA,CA-609,San Bernardino ,Molding Hearts,7
735,735,CA,CA-609,San Bernardino ,Lutheran Social Services of Southern California,23
736,736,CA,CA-609,San Bernardino ,House of Ruth,10
737,737,CA,CA-609,San Bernardino ,Water of Life Community Church,9
738,738,CA,CA-609,San Bernardino ,Victor Valley Family Resource Center,13
739,739,CA,CA-609,San Bernardino ,US Veterans Inc.,95
740,740,CA,CA-609,San Bernardino ,Lighthouse Social Services,176
741,741,CA,CA-609,San Bernardino ,US Veterans Inc,62
742,742,CA,CA-609,San Bernardino ,Time for Change Foundation,30
743,743,CA,CA-609,San Bernardino ,"Step Up on Second Street, Inc.",123
744,744,CA,CA-609,San Bernardino ,Restoration House of Angels,13
745,745,CA,CA-609,San Bernardino ,Pacific Lifeline,12
746,746,CA,CA-609,San Bernardino ,Option House Inc.,14
747,747,CA,CA-609,San Bernardino ,Morongo Basin Unity Home,12
748,748,CA,CA-609,San Bernardino ,Foothill Family Shelter,14
749,749,CA,CA-609,San Bernardino ,Family Assistance Program,20
750,750,CA,CA-609,San Bernardino ,Doves of Big Bear,3
751,751,CA,CA-609,San Bernardino ,Desert Sanctuary,8
752,752,CA,CA-609,San Bernardino ,Family Services Assn. of Redlands,15
753,753,CA,CA-609,San Bernardino ,Family Service Association of Redlands,15
754,754,CA,CA-609,San Bernardino ,Desert Manna,14
755,755,CA,CA-609,San Bernardino ,County of SB Transitional Assistance Dept.,93
756,756,CA,CA-609,San Bernardino ,Community Action Partnership of San Bernardino County,23
757,757,CA,CA-609,San Bernardino ,Frazee Community Center,8
758,758,CA,CA-609,San Bernardino ,Mary's Mercy Center,53
759,759,CA,CA-609,San Bernardino ,High Desert Homeless,42
760,760,CA,CA-609,San Bernardino ,Life Community Development,19
761,761,CA,CA-609,San Bernardino ,Knowledge & Education for Your Success,932
762,762,CA,CA-609,San Bernardino ,Global One Development Center,12
763,763,CA,CA-609,San Bernardino ,Inland Valley Hope Partners,41
764,764,CA,CA-609,San Bernardino ,Victor Valley Domestic Violence,15
765,765,CA,CA-609,San Bernardino ,Inland Temporary Homes,74
766,766,CA,CA-609,San Bernardino ,High Desert Homeless Services,13
767,767,CA,CA-611,"Oxnard, San Buenaventura/Ventura County",Project Understanding,51
768,768,CA,CA-611,"Oxnard, San Buenaventura/Ventura County",Interface Children and Family Services,18
769,769,CA,CA-611,"Oxnard, San Buenaventura/Ventura County",Ventura County Behavorial Health Department,24
770,770,CA,CA-611,"Oxnard, San Buenaventura/Ventura County",Human Services Agency,253
771,771,CA,CA-611,"Oxnard, San Buenaventura/Ventura County",The Coalition for Family Harmony,13
772,772,CA,CA-611,"Oxnard, San Buenaventura/Ventura County",The City Center,67
773,773,CA,CA-611,"Oxnard, San Buenaventura/Ventura County",County of Ventura Human Services Agency,42
774,774,CA,CA-611,"Oxnard, San Buenaventura/Ventura County",Samaritan Center,30
775,775,CA,CA-611,"Oxnard, San Buenaventura/Ventura County",Santa Paula Housing Authority,5
776,776,CA,CA-611,"Oxnard, San Buenaventura/Ventura County",Turning Point Foundation,25
777,777,CA,CA-611,"Oxnard, San Buenaventura/Ventura County",Oxnard Housing Authority,52
778,778,CA,CA-611,"Oxnard, San Buenaventura/Ventura County",Ojai Valley,35
779,779,CA,CA-611,"Oxnard, San Buenaventura/Ventura County",Kingdom Center,39
780,780,CA,CA-611,"Oxnard, San Buenaventura/Ventura County",Lighthouse Women and Children,22
781,781,CA,CA-611,"Oxnard, San Buenaventura/Ventura County",Many Mansions,30
782,782,CA,CA-611,"Oxnard, San Buenaventura/Ventura County",Ventura County Rescue Mission,35
783,783,CA,CA-611,"Oxnard, San Buenaventura/Ventura County",Winter Warming Shelter,110
784,784,CA,CA-611,"Oxnard, San Buenaventura/Ventura County",City of Ventura Housing Authority,102
785,785,CA,CA-611,"Oxnard, San Buenaventura/Ventura County",Area Housing Authority of the County of Ventura,10
786,786,CA,CA-611,"Oxnard, San Buenaventura/Ventura County",Community Action of Ventura County,8
787,787,CA,CA-612,Glendale,Glendale Housing Authority,40
788,788,CA,CA-612,Glendale,Family Promise of VeRdugo's,0
789,789,CA,CA-612,Glendale,Door of Hope,40
790,790,CA,CA-612,Glendale,YWCA of Glendale,10
791,791,CA,CA-612,Glendale,Ascencia,42
792,792,CA,CA-613,Imperial County,WomanHaven Inc,50
793,793,CA,CA-613,Imperial County,Imperial County Behavioral Health Services,32
794,794,CA,CA-613,Imperial County,Neighborhood House,28
795,795,CA,CA-614,San Luis Obispo County,Women's Shelter Program of San Luis Obispo,48
796,796,CA,CA-614,San Luis Obispo County,RISE,16
797,797,CA,CA-614,San Luis Obispo County,5Cities Homeless Coalition,42
798,798,CA,CA-614,San Luis Obispo County,Atascadero Warming Center,38
799,799,CA,CA-614,San Luis Obispo County,Community Action Partnership of San Luis Obispo County Inc. (CAPSLO),101
800,800,CA,CA-614,San Luis Obispo County,Housing Authority of the City of San Luis Obispo,165
801,801,CA,CA-614,San Luis Obispo County,Paso Cares,6
802,802,CA,CA-614,San Luis Obispo County,Transitional Food and Shelter,9
803,803,CA,CA-614,San Luis Obispo County,Transitions Mental Health Association (T-MHA),67
804,804,CA,CA-614,San Luis Obispo County,El Camino Homeless Organization,50
